Horodateur,"Pouvez-vous identifier clairement les différents éléments du jeu (serpent, pomme, score, etc.) ? ",·         Le jeu répond-il rapidement aux commandes du joueur ? ,·         Trouvez-vous l'interface utilisateur intuitive et facile à comprendre ? ,·         Avez-vous des difficultés à ajuster la vitesse du serpent ? ,·         Diriez-vous que le jeu est amusant et engageant ?,"Comment évalueriez-vous la qualité visuelle du jeu (couleurs, graphismes, animations, etc.) ?",·         Dans quelle mesure recommanderiez-vous ce jeu à un ami ?,·         Quels éléments du jeu avez-vous trouvé les plus intéressants ?,·         Avez-vous des suggestions pour améliorer le jeu ?,Comment évaluez-vous la difficulté du jeu et la possibilité de l'ajuster en fonction de vos préférences personnelles ?,Comment évaluez-vous la qualité graphique et visuelle du jeu ?,Les animations du jeu sont-elles fluides et agréables à regarder ?,Trouvez-vous que les différents éléments du jeu sont suffisamment contrastés pour être facilement distingués ? ,Dans quelle mesure le score et le niveau de difficulté influencent-ils votre motivation à jouer au jeu ?
05/04/2023 13:04:19,Oui,Oui,Oui,Non,Oui,Qualité intéressante ,Fortement ,Lorsque le serpent change de direction constamment ,Il y’a toujours place à l’amélioration bien que le jeu est bien j’y rajouterai des fonctionnalités qui lui rendra polyvalent avec la possibilité de jouer à plusieurs simultanément ,Dans la moyenne ,Bonne ,Oui,oui,Le score donne une satisfaction ou une envie de de surpasser 
05/04/2023 12:12:54,Oui,Oui,Oui,Non,Oui,Tout est parfait. Personnellement je n’ai aucun commentaire ni aucune suggestion à faire là dessus.,9/10,Le fait qu’il grandit plus en mangeant les pommes présentes dans son milieu,Non,5/10 pour ce qui est de la difficulté ,9/10,Oui,oui,J’ai la faim d’atteindre le plus haut niveau de ce jeu
11/04/2023 16:52:57,Oui,Oui,Oui,Non,Oui,Excellent ,Certainement ,La progression du serpent ,"Non, pas autant ",Ce jeu a l’air facile et c’est ce que je recherchais pour passer mon temps je crois que personnellement je l’aime bien comme ça ,Excellente ,Oui,oui,Dans la mesure où je dois toujours battre mon meilleur score ça me pousse à bout 
12/04/2023 13:40:07,Oui,Oui,Non,Oui,Oui,Passable,Permet de passer le temps ,Le score qui augmente assez rapidement ,Peut-être ajouter une fonction multi joueur,Passable ,Passable ,Oui,oui,"Le score augmente assez vite , ce qui motive à jouer"
12/04/2023 13:47:49,Oui,Oui,Oui,Non,Oui,tres bien,sur les réseaux sociaux,le serpent,non,abordable,bien,Oui,oui,aucune
18/04/2023 18:14:02,Oui,Oui,Oui,Oui,Oui,Le jeu en lui-même est plaisant mais très simpliste vue qu’il n’ya qu’une seule interface utilisateur ,Je le recommanderais si vous pouvez améliorer l’aspect conviviale du jeu en ajouter d’autres interface graphique ,Le score du jeu augmente vite ce qui donne envie de jouer ,Oui améliorer l’interface utilisateur ,Passable ,Assez bien,Oui,oui,Le score augmente vite donc très amusant 
18/04/2023 18:17:07,Oui,Oui,Oui,Oui,Oui,Assez bien mais j’ai pouvoir changer la couleur du serpent aussi ,Pour passez le temps,Très simple à jouer cela est plaisant ,"Oui , il faut ajouter des boit-on pour permettre à l’utilisateur de naviguer sur l’application ",Assez bon,Bien,Oui,oui,Le score est affiché dans la zone visuelle de l’utilisateur ce qui lui permet de jouer et de voir son score 
18/04/2023 18:20:19,Oui,Oui,Non,Oui,Oui,Bonne qualité ,Pour se détendre après une longue journée ,La vitesse du serpent ,Non,Moyen,Bien,Oui,oui,Aucun commentaire 
18/04/2023 18:24:42,Oui,Oui,Oui,Non,Oui,Bien,Je le recommanderais pour passer le temps,Le contraste de couleur entre le serpent et le  point permet de bien s’investir dans le jeu,"Oui oui , ajouter d’autres fonctionnalités aux jeu",Moyen,Ça va,Oui,oui,Aucun commentaire 
18/04/2023 18:27:52,Oui,Oui,Oui,Oui,Oui,Excellent ,Pour se relaxer ,Le font noir permet de bien distinguer le serpent et le point,"Oui , permettez a l’utilisateur de pouvoir voir son score après une partie ",C’est correct ,Excellent ,Oui,oui,Aucune idée 